ImageID,ImageWidth,ImageHeight,PredictionString
d390310a4ce1c08a,1080,1080,/m/01pns0 0.754811 eNqdlWmTmzgQhv+SDvCMPRWOmthjIyQBxsbc92GD4f9/2/ZMsplskqrdpUv9vN1IgNDVlv0z7l1MORGUf3giPjzlWBKB5Xf/2RD6KD/5eV+LPpUZPlUolEEqe9RVyDylsniI3SWVL02FrCiVT1WFRJJKWlYIp6lEeYVomUqRVEitU2mHFXruUnkIKrS+pnLvV+hlTOX2WKEv91R+dSukzal8nUkivJVPlp15I1cxqT2O3syGnGWvJrh5y2VBctmqPr69pTIh+0a9I2efyIDIRu2Rv4/lkaxqtUTRPpIu2RSqlu1DuWAtU1/q/UXecYVi9WkAOeIeBSq97wN5xTM6qrZ/CGSPfXxX3pLDWTY4xlfFqEFWGEyJ5AQ6xyOOFEcG1lkm+Ew8pRWVFcgQF2SgsVhAn/GVFNQVEbtIDx9pSHvegHZwTD2a8ZlFckQFdWjAT3YsB9TSibg8sRPZohsdyGjXdipLtNCOtPbVzuUXT2lIYS+2ufaVmiS2z1+VAFRgh3yLIqUkRzvjbyxVKjKxmrNdDrmeXbk0ClAVWziJZQkyY75Y+bKC1iELxWYWFTz8xDKhDaJUOnJkpShR/a4d1osGpaJQBnK3RtGhEKr35Go58op80APpLB865Lzr1rrICU28Bl1ZiZzRwBvQhZXLBXWge5JZry6ueAsytt6OOOMdvCm0bB9HfFBacraQjy/8Bl/oW+oJ+3yCbjnWJsAOn5WC3A8FuuDJdtSM3A7wTXiwj2pM+sME+c4+qxfSHDwc4tIO1YAUhwuOMPxg9UTSQw5je7Jz9UzCw2OcHbtVPeIfZqgzspt6x87hQi64Z+6qxsu+JR6GAVwFoM/0hnLmPYlh3yqrkMXaoHSmz1JtUhrTYZnmqrU5Wrl2ViuzswotVufVj/X1eZ39su5+8j/4zzYIffc/+Fn9rP90/Zs6/7XN7+//Lvunr/21P7/nn/v/mRL/872fMw/9+L0f/lcTjw2UcGorTLVWD+MU/d+rgg3Eumi++pgtPsyWq5kwT2uU0ayZq6XKZN6Yo52Vu+nYjuYAz8AbnczEhnp0NAvb1wo6mK0daDHtzd4OtZA25mjH2olW5mKnmktL0+W5tpDMPPFSG0lihrzWehKZCe+0hgRmwQetICez5qOWEs/s+V0LiWte+aIFZDEm7ug+mY2Ze7pHJsMRvu6Qm3EUJ/2Or8ZJBPqIByMAXnFvhCLUe9wZMbDFrZGKWK9xY2Qi0WHrNEqR6jkujVrkeopzowPGwF4UevTOUg9xatyAAXAUlX7+xAno48SYRa0fP3EBukBH/kwXuKDE8L7xKCt9Runf9GWp31EGrPQJ4jPEI8qNkywgziHO3+MA8leoF0J+gPg7I7jfo8KIgS0w+UY4MfUGld9YGDmwApqpXkL6NdG1ytjG+pfaeAv1l8546za5Fe4mdRH7ctODrFVfHpLNAjJSQ2ldNmcW7lw1k+y4ydhld1VebXdTs9OuVvbc2bTMh52eiXnds+MuVbi8r6/M24WKxPc1zKjdWcF0XN/ZsvUUqo5rx75tZ/q8uq19u98O9OV5Wl/sYlvTAm2mNRwyX0vqYuW+7u0EZI35vO6UeZuzeQ378DZl8eaueBCPm0mpv2Yseim/CPpYKlCUx4IBo/y9MIh/2HsdaqvWk7U6PG9fwDY73ShQBEdfCidHLxa33PwFGjx3bw==
851ead69b88d02ec,905,1599,/m/01g317 0.57979 eNplj0sOwyAMRK/kMfQUNUZ02U9E6aJSlPuvi1FIQDWa4YHMyGzP75tu2DJcYK0SH5ypLn/14uUizhS8OHVVvDsijx6pCQQFNSY7ter7SDOPhTiTBSIam2OVVPTOacEjvIpmLku9Vd47ev/58m+wiMlhgxxOoJ5zJnZq31pT/tAPpG5KGg==
6bfa7127523df860,768,768,/m/0k4j 0.97572 eNoLzMsxCDDMSzMw9jP0B0EDQwM4aWgAJ+HY0A8sZ0AMAJoDJsE0UBdCGGSQvwEUI6CRn5EfiASzfE180wOj7AG2bSTE /m/0k4j 0.908661 eNpLyAs3tk5ONzD2MfYz8jcEYX9DAwMQxgcM/UHYEKrYyA8EEzNzbQHobRJ0 /m/0k4j 0.732178 eNrLjYs1t0xONzD1NfYx9jPyN/QzAkF/Q39DAwN/AyABBP4QChkY+sMIEOlvBGRBtfqmRKZaAgCYuxSA /m/0k4j 0.561046 eNoLDEs1Ms1KNzDxAUJfc08jP0N/AwN/A0MDdAASB2EQ8DfyMQZqMPUx9jXxNfYJykqyAwCE0BFf /m/01bjv 0.770693 eNrLiIs1sYtON7DwNo30j/HPi/RPM0hPNQgw9DH2M/IzNDD0NzQAIjAGARiNDxj6wwiEkIE/QhKEgAb5o6mB6IFgIz8jH1NvU0/LYP+YSH///IQcawBUSic7
1bdcf167aa8486c3,1600,1200,/m/01g317 0.87176 eNp9VMlygzAM/SUZZxmaXjrNuEuKVZqAO2lClpLWZAL5/1u9sJgAtQbxZBvZ0pP4SqLRjhyWRJBrkJMlnuDh7mn6PHkbKaHc49ToUhDQ4wSIRkorpGaMVkNjM28ttWqH3VMiO4xdW9D4qEdlmrdS9RGDukSAroUwYBFsaxVWS+twK2QefUmD7X4rroc2aqTxUWktNPCatJaW0flbUvCVl4bkFOQFv5KvkKTBpeBrL/5o+zP+OeXuOe1bl3s68XYywwl05y2hnVlLe+ORe+4ZbgmUlrX3UXGGkEY/YYS/JMH7p+nL5HW8mLyOAlrnw42tuv0tL03OaKCKtH6sVOvu967089/lrL5JEeGKJRIKPxEYsYOE3F8LFOwk4ex/ClyzHwnSjwRu2FnCyV8KTNhFQuq/C9yxq4SjX8R4YGEG334W457Fmdp3jNXqVqNtrL44ZiDvBji6vfctg933fxjg8vgh8HeWSxBzoVEmIZ5vBMpZqtFOYDZToa7mqcDzbJlBX/miZ0jQ6dcyXowXLg2tpJoGgsHwbqlokR1Q3m7QPj89P4MO2d326Cu3qvD7kj7U3LTMhM2FzkSlq9J0ylI17fv+OvoDyd1ceA== /m/01g317 0.830996 eNqNUk0PgjAM/UvdBggkJl50QfaRGI1BD168+v+vtivNACGRpmV77/FWlj5el0F9YLiqNxz2x9buzlVXd7VtbHtqbXOqu11XnUtnPEbQXgfjC0fJkXAMHTUlKlAVjCu89gWpnTAqmKCioFQ5VJQ0yX30GzEFgKkCJaojRK7IxPSGnLiXunjEJ0LKmCBIbpCcsEM8A3EVWE1LMgtjpQOlpbFhDuP5J4TL/BRJpqvBzP+8eAryy0+ZLfc5nvmlcr7f7nJdlf+f10tmfkfzQZCbnY4Io3lEaMd4ZlkhNTtPfeXrzGlX9oXDQe8b+7zdzRch7sDz /m/01g317 0.665441 eNqFUDEOwjAM/JKdtJAWMbYUaJMFMQBiYOqA+P9IHMtyWgXR01nnyzlJc3tdqzc8L7jvmsFFNIe2T4x6c65PkRFuaLtd74btsRoJdrLeJlWPNnXojTcBAD0ChKiIIBWVUvnL9W8XQymlLiuqwmWnlFqG8f8d8WQFgJTxAskw7KQeudQT1dGUzkqSPTkvn849dmVuifKfrN9g/TJ5X87ySbIr3eHzmO/4BewujLo= /m/0bt_c3 0.925543 eNqdVFFPAyEM/kstx/mkmYu+6AaN+mBM1Mw4Y6Lu/78KbbkCdzOZ17RH4fsKbaBf/uCe73EHl6v1G7zSHl7oEx7pwf2EPTzRe/J3sF5dnV9f3JxtxizbIbBER0CiKDYiYLE6P3mAGQ8oSv1YPUaXlWIrsWg0x7GNbomnaz17cY4jTDxydYSSbRPBES4IzPeqxMUadQQN0LLYB6sQUMvq8BnQ14pJx6rX8O3MsFDzeUZt7Wv035WoK2v46UY0o9ozC7kyp3+ns/63TxciF6loe31sRSQ/MX5mgilXBlt8ERkX212zhfjkgqP5RWNGE3OIekaNqwieGaLF5XjKmjjcIJQlWYRqXf9ySm4lEU3Z72dQmkTMZ3baMkB3sXX76/7Fi5Kt7ig2NbOUpWnwckbxdMT55WpsB1WfGqGp3/iQdbwd0/jj8H2Hv1f+Qtg=
56cffbbb9ef25c1f,-1,-1,
3c98050656fcae7f,1066,1600,/m/01g317 0.996779 eNo1UmFvozAM/UsOEE5sU+82XduNhJi0qFvFBnR0LdeW5P9/OztQWbYTR7Gf/TyetweQw0H8yqVK85RsouMiNhGpwKiIMGJ/V44aeg2WYywCBHsMljz9Ik9ZtNQyb0V1M2NeDnCW+3ds8p8BnLzucJ/bf7BJqw1+5DXq1kGV9hYvdPlA62GXlhb36s/JNB7qtC7xopbWeA9d2njTa10Vx1KcFlweAYMSmGCRQBUBUmhhFgb2svj7tHrQMfIriI25WBxaPDi4/nZi/bh8fM3eUp2qRKWrbPn0hT2sstdMJUWiEyV1whl5RKGm4BpBAQSXRRB0DBCQZlAkPAfFk5WaT5KThDNPmW4cI0kYHN3lzpvP5+sIt0VrsX8mYL7jrKRUgqdO5WIGE0SqbJ2to5kxhsMcTSwEtk5vtTNbPVjRxRtvrC6tOMZHb7zqSnGOKx6sLQW8O3MybTRA52Hx7Yw1Q3SD0UEpBmeaoopHqB0cxd5TvkP8JfoRmujzYdoAqsx+2ou4uO/ItDn3XZm2JMSmXmbCIrxnAJwVAqWh5ynXTCX3xX3nGZG19d0J/gONUMD7 /m/01g317 0.994604 eNp1Utl2m0AM/SUNO67dnNgNmG0EsYGwpbHHgLFPw/+/VTMkaR9a5kjoMrqSkHSv3gpmFic2gecGVmhFZmSGRkw61hMjNhItUUKIDtcTjWtc54xLLO+UzRlqiwCTbwSFF7TckSYucfDLl/wYl5gtESkyZYxkDStvgAoftusfjr/yV0+u/82z93ZgRl+HaqU6Q5Nq1GNj0Z/yieWZktu2nXmzqVJ23P2cebYpUtbuxMzHdZmy++6FbtfnlA0aRZMRzUjyjUjJn9hLjUsXElkt6bHApsXDBUYBbYPXFi8XqAXMNWYdZj08C5iUXfaQCbjU+Nxhq+yuxkOHQvnkyufew0HAe4UpcQfIBYwVzi1WA5QCGmX3yr6/SG4+giC7xLHF/ArnAf7/MPwXlvpDuK7GLH9YtVX9PrU5tALHd/2HW42vR6Tc3S+gUVjhxxj2jlyc0CIGNY7ECiTD2Tuh7bne6vENXvEEe/oQ2JG1bJKaDrmrrdIUNv/qtSEDhZQksCkBbWYVlxPP4rRkV/088XM0Fawyihuvw65gJ/NAfBVXTmzZELlJao6++7TebbbfH3tocIQjvufab6T7zks= /m/01g317 0.991248 eNotkmtzqkAMhv9SwkXt2s6ZnnGPRSQrdwGxqBXl6v//drJQliQPb7K7zCRFfRugh1eFYms5C88k0zPIJCRUvEA/CGoyJsJZAE7N76ySwdXGnGUR1QRgKNDqlPk979cb1zvdvDTG0ri3FNIY4QvHlo6aGhxaqjRdtPagPsIC/Y4GaiKMMegoUEwHjDuK1SPCHphy9eS9EHZUaqoh6uiTkxedlAwfLDicERxd3r/ig7yWv7uWKIhxdW0Jc45pS0Ydo6gaWp4SbGwyPLMdqJdFD6m4hKqT35pKTdcejiIPVSvvPeQiCdVTNj0UIgzVQw6aXgHTYYCT6ANVy3CAUjw1pZp+NBWaLoG6y/MAZ3EO1I+8DFCJLFA3WQ9wEUmgKvkc4C7CQJWyG6ARo69yeRihF42vUhmN4K8rXyUyGeG0Pvmq3RQj1OvMV9+b6wjDejyo02YYIXkvDyrclC8o/ri2Z3LvDW3az1HNPeMmoh4Jxe2cx8O19pZn6bLfUiRL63vTs7R5xhxdrnLtiWxn6SxTuo2U/Q0CzD+uuLN3q63YrpzV1yqWYUvpW5Tg6V/W0vntmKK7cC13sVvs7L2lb9zbk5+Wu3AWvevXBHGO7rGm7StDu6opUW3Grb/W1NAjwyMyBcTaCyNTzyUbj/M0iYxIejD5/5Z8z8Jh//X2+YBExcn3+3+nj+ci /m/01g317 0.986342 eNqNkd16gjAMhm+pgVb0AoZKIWxFbIfM/63ApNz/2VqYj+g8WPPky5v0oE3SbYLcO0MGRXqG1QpyfPtGEZxWsPXDYDnhjHvopeDsGsd0NUIe6T46vfmz7PHmqv897rGxDjZm2wgO2tPny+WCFVtn0C3zFlv2msFmfmwxXRynlt/DwmBDOqynKodLaBoUszKHfVg3uJuZNeB4BB7ej8S9fPNn9Pi/PtOJ0LjlRkFJ9xpLflBwpF8aFS8UaNpoXHOpoKZGo+BCgaFZhW1kJAgmK6yjWoJkZYW7qJGwZ0WFWdRJaJnwUo+kZFiJDX9WMdyRkfZ9EcDf7giMJjhME9C35Cd9Jek5pomfOHUVGrPYcuxb6pVPuKOBqfVgPl3M5ifykRp9kPADHhKpqg== /m/01g317 0.981769 eNo9UuuaojAMfaVE8Lqz48zuzigKaYty8TIoIkKVwvv/21TH+UpzkrShyUnWkUanydH13aUbOFbyGvgOOUGPeAW9wLUWobA23n0P23rAeoXVARAEf/Dc38Ie369wMIB4hLEEuP9JFxTSJkXZCyuKxS7FFtYVzYoUX2VFPZ2ic7nQdL1BT16og2aDpRPYbN1lf9k3gZ5FV9qNygj384umehjFWM67mtphE2OFy/6i/6ghsDWxtFUJu++p/NT20O8ofjYn/4yz/Ay9kTeaTYyh7D2SGOcgRd/nPJb3oiwPNohpSQ5iK8V6WnXw9VZLkU+3HazelBJmqjqoDyJVIjnCRmK50C01XqLw1t91ZLxSYtcvO7p6O4mrQdOR9tYSo0EoReW1HSSDRIqLd7XaXoqzV/Irg0yKg3fq4Dw4ShF7eQdmUEhxm2cdpEMtxdc87aAcSiXUvGtBjTZKlLO6hf0oU2I/K1q4jHIlVrNDC3Jc8ennvoVsXCux+dy0cBtflWg+WIsnaShWHzcD3aRw72Ra6mzlws7Bs9V394MS/FkA30PwzfuTO7zNy5oKZ5/g1r/VlDtxgns/1JQ5MsGDn2jaOdcYC3+raePU3Gn/S1PinLnTfq4pcvIYtV9oWjlZjDe/0qScXYyNbzSZHs+GCuSVrj0V4zrgyal6TYRpcL5S0ssirIJ1QzWYFSbCNCTWK4TU0D8d4mTLWIX4a2/oTxniS2bo/RziK+NbwXhkPIX4m/Gd8eXE9458vzD0l3HM9kce4pDtWcZ4ZmS/y7hgGytDPmNwMYSMHtsuv7cTB0MnUFsM3MXAG863pyjB/ywMGXg= /m/01g317 0.883491 eNpNUMluwkAM/SXbsyB6KFIvWSbjEdAiJU2UFsgcoMD/3+rMELWynmfx8/J8PsTNpv/G17eXclUbZ2rrjNNeNaYROPs48o5ji+90mvjG9xY/sZ94CF2Hgy7WhXXaqUax8sQYkgGIB4QAML8h/ZKnIZygWjnDlHlzHDIdkP8hFQk5GeFJhKV0xt8tkLSguShTMhklyPBj2UUe7aXFtpoiD1Zk7KuvyFfbd8LNWYysmHyCyNa1+eAflDVor0WSElG5Ks0Slh7pVM/cJUZeyyJQfF6gdqYx5bo4bLc3+AUXaV3f /m/01g317 0.847947 eNpNkG1vm0AQhP/SzQFJU6lW0kqtYoc5MC8HB8ap8XGADf3/33ooUpQdrZ7Z1XzZ1VWLb0MYrBrB3VEmFeTNM60QXR3DqgJax6f3Ckwdd3OFeBz4Pa8RtgPlucaP48DXqcbun+XvpcZF3C1/pga9mCyfCwMrrGWnagMn3i1PqjMYRWvZqItBgsSyUKvBGhyiX4+yU1bsH+PoEMXBWxgHH1LYJHzhwyrJrTcV7K8sY9PAyduVJj42uMjc8m/sDFrZWU5xY1DI0TLjk2ZeoQ+c45+6woM/+LXwB6+O+6NnMnLvHxFmIw+LhtQj48nTjHwbPE9+7jVw8XPnOft8qRHqiWd1K7E7T6xVX+IqhomZOpWYxTwxUXWJu1gnLtQlFpHOvDMrkeI4c95cguyru21uFfnnzudGNttujF56oZVe8jP+Aw+Aivc= /m/01g317 0.822028 eNo9UMtywyAM/CUJP7jk0KPHGJE4rcdJIK3N2Blnkvr/bxVgF41WjwGtlqG7ODx8D1g2WZPrTOeEJEgY3A3ACANbFjqxgn8HpICw6LO5evqFweJH52mA2WJ98iRfFs3Rk1gtivdIcHJYLCPpzmE5c+wdSj+Ssg7vgpiAEklypozr8FJamEwHy/uJnvW9x1vx9aC1Xnq8Fn6mVtkLPku+HTZKuB2EvYpthqAoIR9OYNOTFEVS9qwplKxlNcHNlCr9g4nP48Ct2Ml2yhiTEM0TKrmqz4l+oO3EHxLFXzE= /m/01g317 0.810843 eNpFjt1uwjAMhV/JTjPCzyoQiHaljS1UtdGGuACBiroi3v8OO90gR04c5cs57r5DgzdoTmi9rRJvvSEVsvGGkRLpogDpfZpXiYT6J/WPEQ9bak3zdHOG+4V+qr7FYMONhqoO2CVDR62/Bvyd1NzDdlFotOhlZhjfAlmyc0xWiFAyksoWLt4ERpbBvY6EfywA6Zva2vIO9QiotfDAZnTTjuLsQpqxyo/CZbN8kc22n+t0vTzwFfb8gE2az/NpOdm5ImrnvuZZuuqh5cNxcE/gWlYm /m/01g317 0.769383 eNp9T10LgkAQ/Euut5fShwV51X2tD5XCCYrKVUT0/x87paindpjZediB2WvbMn7rIJXMoGUExGwcdlD6BbNouVrs+qgpRqb7ROGYMGgYhUTIhCszJplJZXrAOzXq4mngpYOr6j3V3Dl4qM5TySsHZz14emLtoNKNpwd2DhxE3yngr4uLtwYCQQT08e/ShmtUyW6eZ5suEuvt/DCTMx06W9RTTzv9PAFlIpZiIVZ51hSX07GGF3k0SZc=
721568e01a744247,1118,1600,/m/018xm 0.637833 eNqLi8xJM7BOTjS08DT2NfI38DfyM/Q3NMAJgJJ+RkBs7JecF5tnAADw+Q9I
7b018c5e3a20daba,1600,1066,/m/01g317 0.85117 eNqLiYrLN7DNCjDMMIj0N/Iz9DcwBEIDfyN/QyA2AAsBRfxMPcKTA1MMADVADIo=
414f07ba363e7e01,1600,1066,/m/01g317 0.97475 eNplU2mTmzAM/UsyEEhnOj1mdpolCX6bpovJRTYHYNhs8v+/VbLJsS0ay8/C6Mnoud6/RGXQnWkw8RZPoslgGrGFWZiJd+uHWKBDHfSeI1ppxrxWCLTYdXaYlEcg9O+yAEGhZ+mlwDw51VSmxwJ1/NpQl5YFlnHZ0ElNJbtj4P0KnEU8JI/yRow4e4+uMVKg23PHHt39fTx6N3zi67it5RFCR+YP6UmjSdL8Oi5gkveazqPDAi/Dj4ZcybKHpMjrQFBNP3Ks9bylrSoMlrqztFMrg1JXljZqZ7DTO0tLdTCo9NaSUZWB1StLuaoNOr22NBd0EjQTdBZ0Id43Q2npnY4Gr9hYsoIKiVWCluB8e9ozG5jjG5P95Pnrm8HTwdJwazDiOS4NJkdLamOA2lLG5YVc58gYfLlY+jE3+M4nWOCSw1LR0ll3OX6rTUuVrnKs1L6lld7lqFTd0kyXOc6qaanL1jnyYH26daD/55974rr9oCRWAitvOpgmafI8TOM0GV+VyZodO8+6jbLQm3zh5r5Zfe/guuDTewqReCYik49dAhZeyEKXizAYD5/jsYi/vwhSgrsksgp8FmfuUmR38Sv8a+TO+Fl6N+G5Wv4TI1z0wTu2cfK0eLN/1F/IXf7V /m/01g317 0.973119 eNpNUtl26jAM/CU5ITenhe4LB2g8tKAQlyVhc8CE8v9vV06ANjq2xrIcyTPebuzNUKVqBHukKpii89p+b7/HvbgfDaJB60MsaQ3CpDYdyPAo0M34xd4ULuMyX6xe0flDAO/UeRav6M+u8jFJ0kHR26SoWus95f0qRREV7pxxzbzWa2J+zcknY4qToxWNGXNUjpY0YeTYObqfMp63jjpzxuva0W3O6C4dRSvGYOEo3DD0zJG2jPDbUX/PiCeO3g6MdurouWLci88h4EHAwoMVCZpCcrYeZTgySho7mni0J3Y08qjyu0N/4kTy00pL7EsJ2ms5myopuNZScaamUkKXjEJJU8Z3Y5Vc/0tLn0e1kcslO8YiWFUNGcLYGdR0i0GdJQkTL2UjZ5h4SaNB3P/Xi3s+5sX7K1wjjIxapsu6pvZXvIb6RgofqX2WbBlrLZ1bWqUYY7GnWzPBU7mjLmeIDiW95RniZUkvZYZOVtLjKcPdsKQnNrg7WHo0Bg+lFXrnAjaW5lgaLKmw9I2tEXpnVkjdGezIWGI4A+Hb0icqgx8yB8+D701dH1mNLo+u2YHn4aZb5KOR+g/6TNf1 /m/01g317 0.971797 eNplVGt3oyAQ/UuDmke76Xbbnm42GhnNoyoY81DUpI39/986g0mbcxYOcLnAzAhzbX9vnWMHQ3/87y5a40aeDHyILkU/ryEaPj28TF7H0/vpePrr72jmyKH/+OwF3pyrI6kiYDCcjWYjfxgMmA5d6XCj6oa8wQm50Zpdv3/tYIlDf+CPyVy/U6CQLvWXc7yfOWId6nt83Xlt3Ds/XmQ/F0h2Ljydve4FtkU9h0uF8U8RyE0AAjfqAIWlxVuKWXA+wNFrc9wGqoTSUznWQV3Cwas1HgNdEeoUoaWh1VjhR/BpoB3Z6PsY2B9as70XvFTLWEfWLcJ17GO6dHZ+G+v/5YZNfJ3iWZgGYtmmWIm0ASWjDHciaqCQSYYbcazhIIsMU1HWUMsmw1hkNXRyobCFzkCCWuEejIECDwonhYGXVuE4NTA7KfQSA8G7QndtQJ4VIn27+FQYxga8WOMsMjCicfpZwd1S4+u5gslK4zOND2uNT+8VPL5p/HOqYA+Jxg0SKoGonJFhLmPUAm1P8KOCE5CBFZKFM5DJGLsKYhFp7CR5XQl6g5NcGMgEBWTkysBGUIh7+WZgJyjoglHFSEmKvxFHhYmkL3oXjcKlzAzETk3vF2ry71QK6zCnC3BKhduQbqB06CqycEsnnJ3CKDwYWLiE2nlpQLkb8janK9szUowaRktGnVtwZhBae8SZoDaQM9JBa6D2CrfPU7hk4fXpLWMTyDa7QAOnlRu6VmriWyw0Q3c+CAakT5eEyFIiOZLoWHzEsdzCG1kgq/eajn0i3iblD8sevxP1e9YLqZcpQC9W9s//hkGwyE0qvgDtUTTm /m/01g317 0.965701 eNpVUrF2wyAM/CUJg6dmymawyNIpQ6d26Hv9/7V3QuAEPWQhDt2B/Hw8P37l66Fb206YJfjscTJENTfY6RF2RxbTcYG3BJ+ZBdKjrrZ5nVJLJQaILl0F070oV134lSu9JowHQDW8lVaO230/SKkkNJIkU1HTVVidBB4D+VENnlgihwic6qxwu3u2X3KmGi+hYy0UIzMTI6JFNlexM6OXTIpKUc18HVcdllzwwCW/Jq/PKlsIdsxStvDzRUPZfET3g4wv6AVA6w07S8u1NDZs0LBtue7HXtny+SOwhX7uTeiy66Hk1ccuuWzFZDk/f77/5B96w5Qp /m/01g317 0.934713 eNpVUV1zwiAQ/EsHSUTb6UunU40CZw3W2vrRabVWSez/f+vBEaO5gRwLHHu70+3iRai/qeiVPV3ozErDQ1iJPFLOK5RWYAwQIQO4wro9QInAu23ehpUhUJpYX+elKtVwoPP0rsSbWlzhahZ4jdAqfsQlzIAQbsUkrcIvZtDyqfXMoYfGw9l+OJyJvYfarh06sfNwsJ8O38XWw7fdO1yLlYe1/XW4E28eXm1Dd4Wj66aaYyWbE/yY5RxX8nCChdnP8Sg3NaQeqJ9c57qY9Mp+qaYVHvWGCufMOoiRWgnUgigkTWYyI1mKFLkmLAhk5AULpzLNZ1isiAfjbu2gqsCiQDuiIdAhSahWMBaSAfZNtq7Rs1+wRTUqJpGUzag36o76IxfHkVD0VbAtSfdL5WRH93LH/PIvxv3Sg8MzVPjweP/cH6qxGqny7uncLAf/wkeuaQ== /m/01g317 0.914356 eNpdUF1PwzAM/Et281EmJB4Q0tamsSnhQ4MCgu1hjHT//xE7XYtAlZ1r1bvL3bA77cClHldr1/rOdiZa2Ta4MkZx5xofbFO3dXCtIxMrqgi5YiRFcjLAPH/3//fylyzGbXxKnOErQ8+vib9hn+GOP/Tbu6J94hHeMox0SNzjS4YD5cT3+Jzhk8bEA6YTiL0IkiEkBB0WC9FXMJkv4Nefz1gp880XjHOeJZckjYo1M7JamagdGKpiaSkYMp0Pq/XljY1FW+Uko8xUEBSyYqWXU6i+OcIjX1274EO9udj4dhIv9Sp/ec6XlsoLaoaH2yP8AMJUb3w= /m/01g317 0.87676 eNpNjskKAjEMQH8pSWfrQYQ56Cxt4oKXURR1BGWc/7+aUBEJTQJJXt/lvp9ghOsGfVO1ZZd3ZePXvl6sfFcEYmIEZBSrACiahCR136djIB7hKEVP7ILTI4pZdBoGcBElQdK6JMyX9qOALVn/3MrArzdMOO3kxIcZZgKpWjSuCUkKE8F/laTIWC/VQX8PGaNVtXExC3mft8Pt/IAP8XQ8vw== /m/01g317 0.765676 eNpLCAyNMDTPCjC09jTzMfY38jXyNzQw9DP0NwJiMGlg4GfsZ+hk5weSMYBhEDD0B2GwMl8zbzNPMy+gQqCYgb+RP1gBiAbKGvsC5R3TEiOsAN38Gtk= /m/01g317 0.636168 eNpVj1sLgzAMhf9Sk6jb2542BJtmiFWETZi7iGXD//+2eB0rNPl6yeGc0D4hh/wMh+MuTbLIxhk5ssTk0JEDrbgQMQrM5JC3XrvWXr3c6BLMYCsvJT2CKXkoZMBPMAFszPpvm0BBBzIpyK9PymJ0gehBr9/clZLbpjcd+UpeWd6bIvJoo8ncOKhSq6m/itseX5UMLDSbGMNoVBuMl32q1ngNq8Sqz1GWnPr63sAXOj1NSw== /m/01g317 0.593805 eNoLzYsPM0wwSA8wNPUx8jPyN/Q3BJIGBob+BoYG/kAEZEFJ9wD/sAD/IMPUfAMbkDqgOAgAVcJIQ7BGoLC/sS8IAg30M/Qz9gMr9jcC8k28TT3jU3KtAQ6LHdo=
d446e853f7ad30d3,1600,900,/m/01g317 0.971963 eNpNj31zgjAMxr9SSlFxu9vtznOglEYnTpnQF5Whovj9/1uC221w6fPr0yRttrV1IE8tvMTjWaikGqRhJjOpg0yqB0nFQayG6dO0FLUeJ2HKeWEaqr5GyYyUa7RAXgNSoQOkXU/yd/+If3+fn+Mh6Uo0o/seVjNf4mK0O0AHdH+YBX2PAIEDfnrhXweZcchHbq+9R/dwngBAEMD6+MjK35YWXXR3UMZri8fo6mATFxab6OJgGZcW79HNcy7FcV5VuBL1HhpdV5iLHdO1wo3I9/Cll4ZowbQ2uBWtJyrYOzFV7B2YPHvOU+3R4Icw7DV8WjC17G359GpwLTYeTvrGlHs4a3rvu1h6uOmVxQ7o5Qv8sHiBzsEKNxZPQDOs8ZOmAZqhwB1NyFQxPRNMaKrB2UFCCq0DRX5Ge6wszkkFaUIqSaeUPzAWJ6zOokUqGHaDV7M1DXwDx52kkg== /m/01g317 0.93615 eNpdUsuOwjAM/KVxUloE0p7QLrRNLBBHDqs9Iq34/xtxHKcJSj2djB+pU9//7vTC/xNfp+PPdNmfp3lchmW3DsGvPgxq6y6tjMs4H76nyzi7mBaTYCSkN4OJCQxBmBUk8RZUrfBi1bPFV45tb0wzqi5oVhi48xZUWXhm8rYH8iFtWFOUcmuZN4hWbVipU5deSfF0EVYhhbhoiuXaqX2NoqKiZuS9+qwf64Xby0Olzcbq185h1E4EtrM/vrNjghSJXfdzwT6SjQtLr3lgEnfBRxdUT3kpUrloyaJW06oyaD74YGNHkh1kPKfz4fSLBz8ftyu9AXsWpQs= /m/01g317 0.898712 eNqNE2tPAjHsL3WPQxO/m8DtVtBIEORyC6ISBf//N9vudYAmZuljbdf1+Xw63qmHL9BegfIaBRDwnIs64okbYWT5BcboSSiB7gwfb1rbWRd53dmONHTk7qzYJK3oSYeECYx4EE50it9hidSzxPBPXZXm6KFkpDvFMs4HxvDXjfGlbbXI+JoWjssB8mGkpSij0BVbCTe84GH6FGA52fe4mS0CvDYfPb7PlgFWza7HRbsJcLIDads+wM5ue3xrhwBruyKt2wf4No89bt2BtGZOb90xwOeEqqV8DIGCYgq5bsbFehrpBYfKHZDAyAprJhBziHlgzibRmide89rXQmaXBQDPyp9xtPu9JeMSFyyOLnzgeQOvW/m/o33FlSaex6roE8jKFMpj6zPmIeXhlbK7xvHY27IUgsUqNiOuh87DLqtSZkeGPsnT4McVqXbc1PQiNZj+JU5+bG3buGZ2O725H9bzHfwAqOn8ng== /m/01g317 0.897867 eNpdUdlywjAM/KV1DlIovQfaBseaTsNlIBxBJSFt//+xUgIvHU20640t76ybvLlNqgb9NMoCF1rtARkXusAZMiSrlsk/p6pqUgABCAiXLdEktsbl2a+rPH2YKWNKwhrMGAuqPZ2UrVVjZYWyUtmjkB3mjJcvTw9LQfZ05xnj0tNwxXg9eBpsGO97TzcFY1J46u0ZdiN4EFx5io+MzAuy4NxTcmKkM0/9SnAqWMscweGZMfrUC0V4ztVCrWZEqlGpVTn8A5mS08LT0qwZZ7f1VCgrnVjYG/GyU+1otoytExulKWWKkwtPpmEsA3QZOYNrWtI11/8Fc0lUo9Tkpbc7g0y/MIuy0CqLbWhjG9n+OLbty3RvcZ3ZrgLXvZueC7tue2mc9qSSt8Ho/qlazL7xB2n2jso= /m/01g317 0.850765 eNo9jNEOgjAMRX+pBbZM4ptRxhjtgxpmhkHDAAX+/9kRo21uc3qSdukvAdRrgRZHUlpU0ggjjdTqlBdKq1IZUUVr0zq1wmY2q2SVWVmqgWbjPbfiEWA2bqMQ4IKUEDIywC/fYvzNGLnq4PksbwNQPGCk+L5O6N+cfLdoszrRqtj1dnb8xMcEDS2O79hN4Dfy2E7Q0erYbfTcXIPNG4r8uD9cx2mAD+FLP5s= /m/01g317 0.784394 eNpdkttypCAQhl+pW8xeTmIutiol0h7iGF0RYTzN6Oj7322TTCpbC9X8nwjyd6PZ3BPmG4TSd5EESugYt5awclBip+muWgcGW02D6h1csNFk1OBgwkqTVpODBUtNjVoc3DxV6uZgx0zTu+osNMQ0Bxoz9cfCa67JBQb3pLXwO+VvBRbvibbwtrbUBxe8Jr0FNbb8ZsYxcRYOUXdUyNFCHp47yuRsoQyLjvZ4tXAO0462+LBQh6umW1w4aMNB0xKz8y6sPY0Otl8AFBAAKnwQ0IO8ckOCR/uin/Hf+BwROIo3PiYN+ZgjnjUdouHE49VT6efY2CFSP1d6YrOp5FTuYrGQyZZti8FCIW1HV8FZl3LqaBa1hUpmhqxILWipDX2ISw+TPAxdg7yHMtEvOhiebbK+5EH5vCZNtOByelc2mtCcPtQYjdiyLvxcnyq1slasG68787o9urJm6h6N0MQ17Q7iLRpgYOa7VbdoZte7qhZI0aDi/0Ih+f6oFgd+V/C/2v3wp/pKwdde3pMIGcaHmXL8C/lCubo= /m/07r04 0.650757 eNp1lmt7qjoQhf9SArRIbXdtqxQLJICI3EHuF4H//+1MxFrt3kee5F1rkogwkaEvsgeu7dERrf58iltx+7hdbB9VQXuAxhGOYMrp/LnnKCa8zmIXBXGOshn4mxQjTDBiH3yeBXNtjzZqVyJf2Pu0U6sSHQTfp5OalGgnpD51NKdEJ7716UGzmBpYbCrQwBsB3WunAo28HdCdVhfIFNyAmlpewNoooKMaFcgR8oAO6qGAb24D2qtmgTxhDGirDjkKhF1Ia7XJUSi4TOUsFjKVslga0lKNmCpCWqkuUzVTDlMdG7WZOjFlMTUyZTBlRKDGDJQZwfedMrhKm6mOKSeCK6+ZOlxUyGIVUxFTpdpkKGYqZ+rI1mZqy9Q+oilTOYsl7PsKpmI2zxQJrwn6pUEvqA8arz2A43VBg6zowjk7kKWb/PEsG3e9oN9FbtScT/8rf6t1/8+B695aff9nz01vnW782XH2+6h3LxP2301SvAw4fbdJ/NLh6t0h7kuLu3eX2C81Ht99YryU2PoIyek5x85HTGqg/xGR8jnD0UdCjs8pPn4cSfQc4/IjJ95ziNuPgjjA7qMiu2cfT0Dj2cPmuiXD0sH7dUc6oLPuSbu0sbseSbU0cbieSA6M1gY9Lg18BMbLCeVri4bLEZVAfzmgem1Td9mjdu1QZ9mhfr2ne+BpfaC7ZYtGiFvACbwJNDYHOj01yNq4dATuwA9Ae+PR/qlGDsQ74AF8C3SB9VOF/I1PqxsGEC+B4Sag+VOJYohnwAT8EZiCT2E8BZ88FSjbhDQG5uAjYAE+BJZAH1idmaMG6IK/Z466TUT3wP4XTzBuAwfwO+AI3oJ1E5zHhN/xTUP2qQE05YBOUoks2QNfgffA11daMtwXoA08Sc2Ve/lAe6lFjuzQTuoubJELbMB78p7WUn+lL9u0kk4okC3ggEJgeWEhjSiSTZpLE4plg2aSgRN5IkfJxKk8khSYAWPJwrk8kEja4UI+kVCycSV3xJccXMsN0MWNXBFP8nArF8SVYJ/JGXGkGA9yQnbSEVufHpkWNXY+bdItTjj8HPViYXH5Z6UnC49rPlPdXaTc+Onpu0XN7ZSdPogD5yqj1ogWHyqtVooHPlFKLRN9/qhkWirGfK4kWiQe+UoJtEAs+UZxNVds+FY5aAex5XvFBvZ8B3TEE3gLOPInxdBs0RAGZVJ3oimMygDcAU+qJdrCpPQXdkAH2ABdYK2aog8swIfADBgDU1ifwvoYfAY+BBaCsfVgfgPeAd8BbeAJ4ibEJ+D0ZYrWg7Htv+B8D3A+oAO+Agbg0y9bTIHB104sH8ytDfEBeNrC/EdzW29N0XuMRIzoXCfoXQ9hpuf23V8PhK7618jZn6sVOdcgeqldUKceVHaUKKCvb3NdY5VtrmSsP69F6O6Mv89+e7aLhgWYsiI3PzrZocGDeCsqi81y/bxZKtL2kT2e2WN6frR+l8S5fM76evAaf+/188xzccXX8opmzQjtouayO4/OBXgepWf+OHTxNzf++jmP/Irdz6T4Z/hb3Wfxr2xeJ/zk9P7OzhfAXfLFEZYfcbtQ4D3kS7hWM3wz438Oepvzn/aPfF4z/X/HbdZ/34Xb2L/1bfT7bn/f259s3PfwFgOFnxQZ8nDFlM/UxJQFrw/YjWlKmiNKcBJTn2RHVOI6pjviHdGAw4RGepmijMsTetDjFDVcm1BDd1Nk8KeE9to+RXt+TGijWSlyeWNVamaKAt5aHbXpNebtVayNrxm/X3na8FoD98CeP6wmtX81BW/Vqu2rIwSrUq1fAyFaJWr5ehQmfr7em231o/8a+Xub3Y+yzUvvZv602439E7+Zcd3ed0+Jy9/mX+78bvQvd9k78zst6/VzI+f3qfmPDvtSUB+/zk8WrRrhpv4HxBUktg== /m/01940j 0.951839 eNpVTrsOwjAM/CU7CSFiYC0hLwmpRVlaMRAKqPD/G04iGvDJd+fzcu/hzPeXJ+y6rVYHpaXZEOSxsrDcCYeee+ZYQALz6KtroKz5AD/ZehVtTF+A7CoHBKQEi4NVv/MXZi0FPJtsH8MNlwSLSzHccUrwcK8YTmyYwQhbqjtCLk2OljJaI7XqxvHa4wdf0UFX




